,id_oke,wojewodztwo,powiat,powiat_kod,liczba_zdajacych,wynik_avg,wynik_std,wynik_mediana,wynik_modalna,klasa_avg,wynagrodzenie_median
0,1,Kujawsko-Pomorskie,aleksandrowski,401000,287,60.958188153310104,30.203808183289755,62.0,100,16,5981.87
1,1,Kujawsko-Pomorskie,brodnicki,402000,435,55.262068965517244,30.083260864226954,51.0,98,18,5696.51
2,1,Kujawsko-Pomorskie,bydgoski,403000,642,68.7601246105919,30.071800350302617,82.0,100,20,6773.47
4,1,Kujawsko-Pomorskie,chełmiński,404000,253,58.30039525691699,31.07082117835843,56.0,95,17,5881.47
5,1,Kujawsko-Pomorskie,golubsko-dobrzyński,405000,249,56.94779116465863,30.694002219154807,53.0,24,16,5980.32
7,1,Kujawsko-Pomorskie,grudziądzki,406000,202,55.70792079207921,30.452346096903714,53.0,95,13,5982.74
8,1,Kujawsko-Pomorskie,inowrocławski,407000,613,61.27406199021207,30.40112359437392,67.0,98,16,5993.91
9,1,Kujawsko-Pomorskie,lipnowski,408000,382,52.117801047120416,29.144238649748715,44.0,22,16,5669.8
10,1,Kujawsko-Pomorskie,mogileński,409000,95,52.98947368421052,27.979878009155122,45.0,33,17,5861.91
11,1,Kujawsko-Pomorskie,nakielski,410000,372,53.06182795698925,29.743417901891004,44.0,24,17,5950.67
12,1,Kujawsko-Pomorskie,radziejowski,411000,123,50.016260162601625,28.68046096732354,40.0,20,17,5801.61
13,1,Kujawsko-Pomorskie,rypiński,412000,234,54.96153846153846,31.010382452581243,49.0,98,14,5822.38
14,1,Kujawsko-Pomorskie,sępoleński,413000,161,53.2360248447205,27.856222590171324,45.0,25,16,5662.18
16,1,Kujawsko-Pomorskie,toruński,415000,604,61.187086092715234,30.460751515677895,64.0,96,19,6218.78
17,1,Kujawsko-Pomorskie,tucholski,416000,251,53.354581673306775,29.311994079839693,45.0,91,17,5677.9
18,1,Kujawsko-Pomorskie,wąbrzeski,417000,194,49.71649484536083,28.6780392304921,42.0,20,19,5767.6
20,1,Kujawsko-Pomorskie,włocławski,418000,469,55.814498933901916,29.688462771990377,53.0,98,15,5977.24
21,1,Kujawsko-Pomorskie,świecki,414000,477,59.57861635220126,30.872236273211538,58.0,98,18,6134.29
22,1,Kujawsko-Pomorskie,żniński,419000,259,54.06949806949807,28.901426734949144,49.0,22,17,5830.2
23,1,Pomorskie,bytowski,2201000,398,55.69597989949749,29.51093033037793,47.0,96,16,6266.19
24,1,Pomorskie,chojnicki,2202000,513,58.364522417154,29.507815540773077,58.0,96,18,5870.89
25,1,Pomorskie,człuchowski,2203000,311,54.81028938906753,29.970285770688005,49.0,98,16,5886.83
27,1,Pomorskie,gdański,2204000,1056,70.24147727272727,28.183574078133997,84.0,98,21,7058.11
29,1,Pomorskie,kartuski,2205000,1241,61.716357775987106,29.80062892350123,65.0,98,19,6034.37
30,1,Pomorskie,kościerski,2206000,459,58.91285403050109,29.982657084411958,58.0,98,18,5573.89
31,1,Pomorskie,kwidzyński,2207000,452,63.008849557522126,30.731925568030384,68.0,100,18,6040.52
32,1,Pomorskie,lęborski,2208000,313,57.30031948881789,31.140707667285486,56.0,98,18,6224.39
33,1,Pomorskie,malborski,2209000,289,52.21107266435986,31.509109166098096,44.0,20,20,6243.24
34,1,Pomorskie,nowodworski,2210000,160,58.48125,30.079056641415814,60.0,95,18,6237.58
35,1,Pomorskie,pucki,2211000,600,67.01666666666667,29.165385686155798,75.0,95,18,6557.94
37,1,Pomorskie,starogardzki,2213000,700,57.16428571428571,30.74355001210723,58.0,98,19,5967.01
38,1,Pomorskie,sztumski,2216000,174,45.247126436781606,27.76589050707145,34.0,25,17,5851.35
40,1,Pomorskie,słupski,2212000,537,56.57355679702049,31.504820490915947,53.0,98,17,6323.58
41,1,Pomorskie,tczewski,2214000,681,60.49192364170338,31.374161988797557,62.0,98,18,6265.23
42,1,Pomorskie,wejherowski,2215000,1632,63.713848039215684,30.575679243035406,71.0,98,19,6518.28
43,2,Śląskie,bielski,2402000,661,70.62329803328291,28.244962632036792,84.0,100,19,6564.09
45,2,Śląskie,bieruńsko-lędziński,2414000,174,65.14942528735632,28.1331108297156,74.0,89,20,7383.7
47,2,Śląskie,będziński,2401000,471,65.31634819532908,29.95133576408333,75.0,96,20,6823.0
49,2,Śląskie,cieszyński,2403000,865,66.80462427745665,28.363005733225712,76.0,98,19,6314.35
51,2,Śląskie,częstochowski,2404000,439,65.29612756264237,29.028911180422476,73.0,96,14,5913.01
54,2,Śląskie,gliwicki,2405000,372,65.75,29.87553706720204,75.0,96,19,7115.46
58,2,Śląskie,kłobucki,2406000,284,65.21126760563381,28.64506716768288,69.0,98,15,5790.08
59,2,Śląskie,lubliniecki,2407000,314,63.318471337579616,29.463037021485643,70.0,98,17,6241.54
60,2,Śląskie,mikołowski,2408000,395,71.11898734177215,28.538555204350114,84.0,98,19,7243.81
61,2,Śląskie,myszkowski,2409000,209,62.32057416267943,29.593540088697434,65.0,100,16,6153.08
64,2,Śląskie,pszczyński,2410000,433,68.4133949191686,28.348173538660085,80.0,98,19,6787.18
65,2,Śląskie,raciborski,2411000,352,60.82102272727273,30.32212122061491,66.0,98,16,6779.28
67,2,Śląskie,rybnicki,2412000,232,65.62068965517241,29.30771793502283,75.5,98,19,7287.47
71,2,Śląskie,tarnogórski,2413000,568,69.73239436619718,29.099735126077288,82.0,100,19,6805.09
73,2,Śląskie,wodzisławski,2415000,465,63.42580645161291,29.907588504526526,67.0,98,19,7092.39
75,2,Śląskie,zawierciański,2416000,407,62.073710073710075,30.436859713723678,67.0,98,17,6626.26
78,2,Śląskie,żywiecki,2417000,876,64.56392694063926,29.663974662851828,73.0,98,17,6110.19
79,3,Lubelskie,bialski,601000,492,57.97764227642276,29.659269450878913,55.0,96,15,6096.37
81,3,Lubelskie,biłgorajski,602000,617,65.3354943273906,29.586276130842922,73.0,98,14,5657.85
83,3,Lubelskie,chełmski,603000,361,57.822714681440445,29.04856253635089,55.0,98,16,5986.25
84,3,Lubelskie,hrubieszowski,604000,236,54.6271186440678,29.607401906111107,51.0,27,13,6126.68
85,3,Lubelskie,janowski,605000,237,62.54430379746835,29.425353229841715,67.0,95,14,6003.92
86,3,Lubelskie,krasnostawski,606000,211,54.00947867298578,30.2366637432997,45.0,22,16,6101.48
87,3,Lubelskie,kraśnicki,607000,433,62.508083140877595,29.772354991330594,69.0,96,13,5778.21
88,3,Lubelskie,lubartowski,608000,486,63.05555555555556,29.098933698450725,67.0,98,15,5847.73
89,3,Lubelskie,lubelski,609000,841,66.23662306777646,29.36088769992086,75.0,98,16,6288.79
91,3,Lubelskie,opolski,612000,269,57.62825278810409,30.04066792967502,56.0,98,14,5717.61
92,3,Lubelskie,parczewski,613000,175,60.76,29.995992113233104,71.0,96,14,6137.01
93,3,Lubelskie,puławski,614000,425,61.29176470588235,31.24325136264379,67.0,96,17,6456.52
94,3,Lubelskie,radzyński,615000,356,55.331460674157306,30.185051347193745,49.0,98,13,5832.15
95,3,Lubelskie,rycki,616000,255,56.31372549019608,29.48505117824061,49.0,96,15,6409.42
96,3,Lubelskie,tomaszowski,618000,331,57.85498489425982,30.637784428176992,60.0,98,14,5702.9
97,3,Lubelskie,włodawski,619000,159,53.867924528301884,29.754786773626687,45.0,25,15,6286.4
98,3,Lubelskie,zamojski,620000,494,55.688259109311744,29.254363732170923,51.0,98,13,5837.92
100,3,Lubelskie,łukowski,611000,701,55.001426533523535,28.927845663668695,51.0,25,15,5742.88
101,3,Lubelskie,łęczyński,610000,328,61.207317073170735,30.004161420676308,65.0,98,16,6871.21
102,3,Lubelskie,świdnicki,617000,333,67.89189189189189,28.514582334834483,80.0,100,20,6605.69
103,3,Małopolskie,bocheński,1201000,900,68.2088888888889,27.43915954513203,75.5,98,17,6265.74
104,3,Małopolskie,brzeski,1202000,523,61.41491395793499,29.139375096517462,64.0,98,16,6025.04
105,3,Małopolskie,chrzanowski,1203000,434,69.1221198156682,29.136676479030825,82.0,98,18,6671.72
106,3,Małopolskie,dąbrowski,1204000,374,60.69251336898396,30.023236947147794,62.0,98,16,5748.1
107,3,Małopolskie,gorlicki,1205000,665,59.37293233082707,28.617401320153615,60.0,100,16,5827.78
108,3,Małopolskie,krakowski,1206000,1823,73.37849698299506,27.074518133012024,85.0,100,18,6901.15
110,3,Małopolskie,limanowski,1207000,949,59.82297154899894,28.603061933484312,60.0,96,16,5585.77
111,3,Małopolskie,miechowski,1208000,290,62.83448275862069,28.924995465228612,67.0,96,17,6178.46
112,3,Małopolskie,myślenicki,1209000,946,68.86892177589851,27.51216809980669,77.0,98,18,5899.36
113,3,Małopolskie,nowosądecki,1210000,1627,62.72280270436386,28.337807540698815,65.0,98,16,5671.83
114,3,Małopolskie,nowotarski,1211000,1326,61.0052790346908,28.831451778381503,65.0,98,16,5439.22
116,3,Małopolskie,olkuski,1212000,423,69.15602836879432,28.93465786619416,80.0,98,17,6580.95
117,3,Małopolskie,oświęcimski,1213000,564,67.62943262411348,29.05685156864625,80.0,98,19,6710.28
118,3,Małopolskie,proszowicki,1214000,184,56.91304347826087,29.84403376902669,57.0,93,16,6161.61
119,3,Małopolskie,suski,1215000,530,66.35094339622641,28.26020351808508,73.0,98,17,5675.45
120,3,Małopolskie,tarnowski,1216000,1190,62.79159663865546,29.2960019064521,66.0,98,15,5911.84
122,3,Małopolskie,tatrzański,1217000,348,62.445402298850574,29.46447123347101,68.0,98,16,5455.9
123,3,Małopolskie,wadowicki,1218000,989,67.27098078867543,28.075684530011927,75.0,100,18,5852.13
124,3,Małopolskie,wielicki,1219000,929,73.71689989235738,26.95046975255557,85.0,100,18,6940.03
125,3,Podkarpackie,bieszczadzki,1801000,150,61.32,28.88144040729271,63.0,95,16,6109.49
126,3,Podkarpackie,brzozowski,1802000,410,64.55121951219512,27.310831604018084,67.0,98,15,5884.68
127,3,Podkarpackie,dębicki,1803000,752,63.72739361702128,29.38471694631885,69.0,98,16,6085.81
128,3,Podkarpackie,jarosławski,1804000,679,62.00883652430044,29.16607131120459,64.0,98,15,5928.04
129,3,Podkarpackie,jasielski,1805000,547,64.81535648994516,29.169251766867646,71.0,98,14,5811.24
130,3,Podkarpackie,kolbuszowski,1806000,420,65.33333333333333,28.40654407054378,71.0,96,13,5730.55
132,3,Podkarpackie,krośnieński,1807000,597,61.710217755443885,28.546499363595046,62.0,96,14,5700.66
133,3,Podkarpackie,leski,1821000,103,62.213592233009706,28.85775307155046,65.0,96,13,5863.62
134,3,Podkarpackie,leżajski,1808000,386,60.56217616580311,27.73220419779949,58.0,96,17,5894.89
135,3,Podkarpackie,lubaczowski,1809000,337,63.73293768545994,29.058314662311734,69.0,98,15,5930.81
136,3,Podkarpackie,mielecki,1811000,1039,71.18575553416747,27.226267343804754,82.0,98,17,6068.3
137,3,Podkarpackie,niżański,1812000,358,62.08659217877095,29.747274211658905,67.0,98,15,6018.06
138,3,Podkarpackie,przemyski,1813000,384,61.109375,29.201054412059193,64.0,98,11,6024.82
140,3,Podkarpackie,przeworski,1814000,469,63.014925373134325,28.44299635456084,67.0,98,15,5850.2
141,3,Podkarpackie,ropczycko-sędziszowski,1815000,439,61.817767653758544,29.81833460118,67.0,98,16,5852.25
142,3,Podkarpackie,rzeszowski,1816000,959,67.03858185610011,28.237772875476036,75.0,98,17,6204.44
144,3,Podkarpackie,sanocki,1817000,409,67.14425427872861,27.8768900703436,75.0,98,16,6105.17
145,3,Podkarpackie,stalowowolski,1818000,412,68.47087378640776,28.58281488943116,78.0,98,17,6444.65
146,3,Podkarpackie,strzyżowski,1819000,346,67.32658959537572,28.18549699704257,76.0,96,13,5769.23
148,3,Podkarpackie,tarnobrzeski,1820000,202,68.47029702970298,27.348531716355204,80.0,98,15,6268.86
149,3,Podkarpackie,łańcucki,1810000,467,62.276231263383295,28.673879441784994,69.0,96,17,6044.08
150,4,Podlaskie,augustowski,2001000,262,59.49236641221374,30.312588064423863,63.0,98,17,6290.53
151,4,Podlaskie,białostocki,2002000,635,62.277165354330705,29.56980847193884,67.0,96,18,6395.68
153,4,Podlaskie,bielski,2003000,196,58.433673469387756,29.48556701194378,62.0,20,14,5954.89
154,4,Podlaskie,grajewski,2004000,289,58.155709342560556,28.918450730682714,56.0,100,16,6243.14
155,4,Podlaskie,hajnowski,2005000,94,58.96808510638298,33.36434972397028,66.5,25,16,6443.81
156,4,Podlaskie,kolneński,2006000,187,50.26737967914438,27.85626121459668,44.0,31,12,5940.93
157,4,Podlaskie,moniecki,2008000,155,57.44516129032258,30.390393629796655,56.0,96,16,6040.72
158,4,Podlaskie,sejneński,2009000,93,51.60215053763441,27.975849717536704,47.0,91,13,6396.47
159,4,Podlaskie,siemiatycki,2010000,182,56.137362637362635,28.44288338095033,53.0,96,17,6027.28
160,4,Podlaskie,sokólski,2011000,249,57.58232931726908,30.413387604446456,55.0,98,13,6132.77
161,4,Podlaskie,suwalski,2012000,153,55.294117647058826,29.745518111992357,45.0,93,16,6126.69
163,4,Podlaskie,wysokomazowiecki,2013000,344,58.08139534883721,29.62977568857596,55.5,98,16,6146.91
164,4,Podlaskie,zambrowski,2014000,224,50.526785714285715,29.997606994269603,38.0,100,17,5843.88
166,4,Podlaskie,łomżyński,2007000,269,62.405204460966544,30.199142797465125,65.0,96,13,6023.68
167,4,Warmińsko-Mazurskie,bartoszycki,2801000,231,53.85281385281385,29.442952079354534,49.0,22,14,6024.16
168,4,Warmińsko-Mazurskie,braniewski,2802000,164,58.02439024390244,28.19659883042293,54.5,22,16,6336.19
169,4,Warmińsko-Mazurskie,działdowski,2803000,231,54.913419913419915,28.725470876014914,53.0,20,17,5656.89
171,4,Warmińsko-Mazurskie,elbląski,2804000,260,55.66153846153846,29.817277863205376,51.0,96,16,5999.47
172,4,Warmińsko-Mazurskie,ełcki,2805000,432,63.111111111111114,28.93489925784654,67.0,100,19,6092.63
173,4,Warmińsko-Mazurskie,giżycki,2806000,249,54.28112449799197,29.161943710673675,45.0,25,18,6272.57
174,4,Warmińsko-Mazurskie,gołdapski,2818000,110,54.60909090909091,30.977732605137064,44.5,96,16,6253.75
175,4,Warmińsko-Mazurskie,iławski,2807000,464,55.29956896551724,29.86555217488471,53.0,24,17,5736.0
176,4,Warmińsko-Mazurskie,kętrzyński,2808000,244,55.16393442622951,30.902374213986764,53.0,22,16,5991.82
177,4,Warmińsko-Mazurskie,lidzbarski,2809000,221,55.484162895927604,29.91293509232618,49.0,24,17,5933.7
178,4,Warmińsko-Mazurskie,mrągowski,2810000,178,57.42134831460674,29.394966212456957,59.0,87,18,5813.64
179,4,Warmińsko-Mazurskie,nidzicki,2811000,147,52.45578231292517,29.432092090032434,47.0,85,15,5533.18
180,4,Warmińsko-Mazurskie,nowomiejski,2812000,230,53.88695652173913,29.73806379983955,45.0,27,17,5268.33
181,4,Warmińsko-Mazurskie,olecki,2813000,154,51.59090909090909,29.32323524353307,44.0,22,17,6122.82
183,4,Warmińsko-Mazurskie,olsztyński,2814000,634,59.84700315457413,30.42470561630969,62.0,98,17,6438.23
184,4,Warmińsko-Mazurskie,ostródzki,2815000,501,57.796407185628745,30.13731824770648,56.0,96,17,5922.68
185,4,Warmińsko-Mazurskie,piski,2816000,236,54.652542372881356,29.75261763691061,48.0,98,15,6045.61
186,4,Warmińsko-Mazurskie,szczycieński,2817000,277,54.64981949458484,29.696602565588822,47.0,24,16,5857.58
187,4,Warmińsko-Mazurskie,węgorzewski,2819000,112,62.38392857142857,29.374504717926218,66.0,18,15,6298.83
188,5,Łódzkie,bełchatowski,1001000,617,64.6353322528363,30.036686098196142,71.0,98,19,6930.06
189,5,Łódzkie,brzeziński,1021000,152,60.31578947368421,30.199647316830394,60.0,96,17,6066.17
190,5,Łódzkie,kutnowski,1002000,421,57.66745843230404,31.3855589657519,56.0,96,17,6283.84
191,5,Łódzkie,opoczyński,1007000,499,57.567134268537075,29.469950083429886,58.0,98,15,5913.59
192,5,Łódzkie,pabianicki,1008000,585,69.97094017094017,27.912271172766673,82.0,100,21,6273.49
193,5,Łódzkie,pajęczański,1009000,135,60.577777777777776,30.673300409716123,65.0,96,16,5996.55
194,5,Łódzkie,piotrkowski,1010000,523,61.363288718929255,29.285793420341175,65.0,98,16,5984.77
196,5,Łódzkie,poddębicki,1011000,126,56.92857142857143,31.129065316565374,54.0,24,17,6246.91
197,5,Łódzkie,radomszczański,1012000,475,61.29684210526316,30.171549696366807,65.0,98,17,5838.2
198,5,Łódzkie,rawski,1013000,313,61.843450479233226,29.513268206601055,65.0,100,16,6084.52
199,5,Łódzkie,sieradzki,1014000,505,61.77821782178218,29.5969345614998,65.0,98,16,5967.4
201,5,Łódzkie,skierniewicki,1015000,233,61.88841201716738,29.06401833635523,69.0,98,12,6217.16
202,5,Łódzkie,tomaszowski,1016000,579,60.65112262521589,29.568384097172956,62.0,98,20,6013.84
203,5,Łódzkie,wieluński,1017000,240,57.24166666666667,29.723866906728148,53.0,96,15,5745.31
204,5,Łódzkie,wieruszowski,1018000,132,53.378787878787875,30.649170808653782,44.0,20,13,5530.68
205,5,Łódzkie,zduńskowolski,1019000,266,61.82706766917293,30.997455941739513,69.0,96,19,5963.79
206,5,Łódzkie,zgierski,1020000,818,66.90097799511003,29.38919722396229,78.0,98,20,6438.13
207,5,Łódzkie,łaski,1003000,213,55.46478873239437,30.092111011744564,53.0,98,18,6011.08
208,5,Łódzkie,łowicki,1005000,373,60.710455764075064,30.040934058301644,65.0,98,16,6256.53
209,5,Łódzkie,łódzki wschodni,1006000,492,67.8760162601626,28.031175914581386,76.0,98,20,6560.41
211,5,Łódzkie,łęczycki,1004000,232,52.64655172413793,29.56137808554077,44.5,24,16,6258.48
212,5,Świętokrzyskie,buski,2601000,375,63.648,30.047319836107395,67.0,96,17,5974.46
213,5,Świętokrzyskie,jędrzejowski,2602000,337,63.38278931750742,30.299867309697678,73.0,96,14,6076.31
214,5,Świętokrzyskie,kazimierski,2603000,145,55.275862068965516,30.25078688258304,47.0,24,15,5812.3
216,5,Świętokrzyskie,kielecki,2604000,1179,65.35368956743002,28.49533853892881,73.0,98,15,5926.68
217,5,Świętokrzyskie,konecki,2605000,292,62.445205479452056,30.37697641620468,69.0,96,16,5659.92
218,5,Świętokrzyskie,opatowski,2606000,244,54.442622950819676,29.357756307579276,45.0,24,15,5979.11
219,5,Świętokrzyskie,ostrowiecki,2607000,381,59.15223097112861,30.946621159094253,62.0,96,17,5870.09
220,5,Świętokrzyskie,pińczowski,2608000,186,55.17741935483871,28.158264811796176,49.0,27,14,6129.81
221,5,Świętokrzyskie,sandomierski,2609000,375,60.216,29.91309652978107,64.0,96,13,6240.63
222,5,Świętokrzyskie,skarżyski,2610000,272,64.61397058823529,30.628734280838206,75.0,96,17,6488.17
223,5,Świętokrzyskie,starachowicki,2611000,408,64.75490196078431,28.501268040077594,70.0,98,14,6139.22
224,5,Świętokrzyskie,staszowski,2612000,322,60.82919254658385,30.18275625459705,60.0,96,15,6233.93
225,5,Świętokrzyskie,włoszczowski,2613000,137,56.37956204379562,27.686496059302467,53.0,96,15,6227.63
226,6,Lubuskie,gorzowski,801000,377,60.46949602122016,30.22339017282987,64.0,98,17,6556.67
228,6,Lubuskie,krośnieński,802000,160,59.03125,28.743351812854048,57.0,96,18,6402.56
229,6,Lubuskie,międzyrzecki,803000,162,59.03086419753087,31.641983136080885,60.0,98,19,6153.81
230,6,Lubuskie,nowosolski,804000,335,59.72835820895522,31.2290660914846,62.0,96,20,6317.72
231,6,Lubuskie,strzelecko-drezdenecki,806000,158,55.13291139240506,30.269904933586282,53.0,96,16,6056.31
232,6,Lubuskie,sulęciński,807000,195,55.58974358974359,31.2297671516217,53.0,98,18,6299.49
233,6,Lubuskie,słubicki,805000,195,59.08717948717949,30.378764339813728,64.0,98,20,6364.19
234,6,Lubuskie,wschowski,812000,127,51.039370078740156,29.003774279183812,47.0,16,16,5996.19
236,6,Lubuskie,zielonogórski,809000,299,57.07692307692308,30.164833163193748,53.0,95,18,6376.18
237,6,Lubuskie,świebodziński,808000,172,56.883720930232556,30.170800069808433,55.5,96,19,6412.7
238,6,Lubuskie,żagański,810000,237,52.48523206751055,30.04323174143141,47.0,22,17,6289.25
239,6,Lubuskie,żarski,811000,299,63.05351170568562,30.53859577894061,73.0,98,18,6355.47
240,6,Wielkopolskie,chodzieski,3001000,200,54.58,31.058551157450985,47.0,95,18,5827.52
241,6,Wielkopolskie,czarnkowsko-trzcianecki,3002000,310,49.86129032258064,30.383305872706174,37.0,25,16,6059.37
242,6,Wielkopolskie,gnieźnieński,3003000,574,61.109756097560975,30.7640250264658,65.0,98,19,6125.91
243,6,Wielkopolskie,gostyński,3004000,232,53.65948275862069,29.658843184500746,47.0,27,19,6164.46
244,6,Wielkopolskie,grodziski,3005000,178,62.662921348314605,29.948248929405437,71.0,98,17,5929.58
245,6,Wielkopolskie,jarociński,3006000,265,55.24905660377358,31.328783694699183,47.0,98,18,5715.12
246,6,Wielkopolskie,kaliski,3007000,413,56.82566585956417,29.793130492726508,51.0,98,15,5789.99
248,6,Wielkopolskie,kolski,3009000,526,59.3574144486692,28.712976030959727,56.0,96,15,6187.44
250,6,Wielkopolskie,koniński,3010000,569,57.838312829525485,29.875580449106423,60.0,96,14,5978.54
251,6,Wielkopolskie,kościański,3011000,253,56.36363636363637,29.356238131130528,53.0,24,20,6082.82
252,6,Wielkopolskie,krotoszyński,3012000,246,54.8130081300813,29.44026599205348,49.0,18,17,6054.73
253,6,Wielkopolskie,kępiński,3008000,182,57.137362637362635,29.893728065594345,55.0,95,18,5277.53
254,6,Wielkopolskie,leszczyński,3013000,197,60.233502538071065,30.135165798141315,62.0,24,19,6022.41
256,6,Wielkopolskie,międzychodzki,3014000,110,51.28181818181818,28.844766917283216,45.5,22,20,5716.3
257,6,Wielkopolskie,nowotomyski,3015000,304,53.411184210526315,31.34011228555714,44.5,98,18,6172.1
258,6,Wielkopolskie,obornicki,3016000,343,57.6530612244898,31.005863937336507,58.0,98,19,5908.88
259,6,Wielkopolskie,ostrowski,3017000,644,61.672360248447205,30.37329521357686,69.0,96,17,5883.48
260,6,Wielkopolskie,ostrzeszowski,3018000,251,57.96414342629482,28.262477573788743,56.0,29,17,5554.11
261,6,Wielkopolskie,pilski,3019000,624,63.0625,31.0042532881398,71.0,98,19,6227.77
262,6,Wielkopolskie,pleszewski,3020000,274,57.481751824817515,30.146988371643616,52.0,96,16,5667.43
264,6,Wielkopolskie,poznański,3021000,2477,73.62414210738797,27.336825144914418,87.0,98,20,7260.76
265,6,Wielkopolskie,rawicki,3022000,197,59.08629441624365,30.196608963054675,60.0,98,20,5940.9
266,6,Wielkopolskie,szamotulski,3024000,391,55.78005115089514,30.20835932134362,51.0,100,20,6194.14
267,6,Wielkopolskie,słupecki,3023000,283,61.48409893992933,30.02582389399464,64.0,98,17,6001.62
268,6,Wielkopolskie,turecki,3027000,386,62.92227979274612,28.701413931057886,67.0,98,17,5568.54
269,6,Wielkopolskie,wolsztyński,3029000,275,56.67272727272727,29.125967511330405,51.0,25,18,5824.79
270,6,Wielkopolskie,wrzesiński,3030000,343,62.75218658892128,30.376833271294217,69.0,98,19,6351.28
271,6,Wielkopolskie,wągrowiecki,3028000,303,51.320132013201324,29.69892638405319,44.0,20,18,5930.37
272,6,Wielkopolskie,złotowski,3031000,316,53.95253164556962,32.09204956822648,42.0,98,18,5922.79
273,6,Wielkopolskie,średzki,3025000,341,59.002932551319645,29.623294564294465,60.0,98,19,6181.55
274,6,Wielkopolskie,śremski,3026000,275,57.09818181818182,30.75949810980248,55.0,96,19,5948.04
275,6,Zachodniopomorskie,białogardzki,3201000,179,47.11173184357542,30.837632578300138,35.0,20,18,6060.54
276,6,Zachodniopomorskie,choszczeński,3202000,171,51.52046783625731,29.95988334936312,44.0,25,17,6055.96
277,6,Zachodniopomorskie,drawski,3203000,219,52.922374429223744,30.112246660259277,44.0,24,18,5920.52
278,6,Zachodniopomorskie,goleniowski,3204000,425,59.97882352941176,30.384160324351843,65.0,96,18,6518.93
279,6,Zachodniopomorskie,gryficki,3205000,282,60.40070921985816,30.994835983644695,66.0,98,17,6022.88
280,6,Zachodniopomorskie,gryfiński,3206000,271,55.8929889298893,30.543169900939617,51.0,96,16,6376.88
281,6,Zachodniopomorskie,kamieński,3207000,195,62.2,30.098913857224403,65.0,96,15,6117.1
283,6,Zachodniopomorskie,koszaliński,3209000,296,58.33108108108108,31.667057764811563,58.0,100,17,6097.45
284,6,Zachodniopomorskie,kołobrzeski,3208000,367,70.06539509536785,28.710830705080266,84.0,100,18,6046.58
285,6,Zachodniopomorskie,myśliborski,3210000,361,64.22991689750693,29.24506809748158,71.0,95,17,6089.65
286,6,Zachodniopomorskie,policki,3211000,470,70.68297872340426,28.741613534629803,82.0,100,19,7272.22
287,6,Zachodniopomorskie,pyrzycki,3212000,173,52.40462427745665,28.784597308280564,45.0,27,15,6181.51
288,6,Zachodniopomorskie,stargardzki,3214000,634,61.22555205047318,29.797337178490938,65.0,98,20,6549.68
290,6,Zachodniopomorskie,szczecinecki,3215000,340,59.53235294117647,30.362546787198934,62.0,95,17,6109.1
291,6,Zachodniopomorskie,sławieński,3213000,245,61.2530612244898,30.69509767440315,67.0,96,16,5874.17
292,6,Zachodniopomorskie,wałecki,3217000,210,56.81428571428572,31.67662177927026,55.5,96,18,6173.88
293,6,Zachodniopomorskie,łobeski,3218000,149,50.87248322147651,29.865984464969497,44.0,20,18,5893.36
294,6,Zachodniopomorskie,świdwiński,3216000,249,49.69879518072289,29.61590867660794,38.0,18,19,5940.13
296,7,Mazowieckie,białobrzeski,1401000,168,54.44642857142857,30.291590638911227,51.0,100,16,5902.01
297,7,Mazowieckie,ciechanowski,1402000,354,56.932203389830505,30.62947755259749,55.5,96,16,6389.22
298,7,Mazowieckie,garwoliński,1403000,769,61.074122236671,29.272336231377164,64.0,100,17,6324.94
299,7,Mazowieckie,gostyniński,1404000,210,54.22857142857143,29.733020650562946,49.0,98,17,6234.62
300,7,Mazowieckie,grodziski,1405000,773,76.0025873221216,26.895850943276436,89.0,100,21,7559.67
301,7,Mazowieckie,grójecki,1406000,608,62.20723684210526,30.153060423301554,69.0,98,16,6483.79
302,7,Mazowieckie,kozienicki,1407000,214,58.36448598130841,29.178116407202047,56.0,22,16,6638.22
303,7,Mazowieckie,legionowski,1408000,727,74.99724896836314,27.08537611026108,87.0,98,21,7803.32
304,7,Mazowieckie,lipski,1409000,181,52.80110497237569,29.72459589277845,45.0,25,16,5957.05
305,7,Mazowieckie,makowski,1411000,180,52.233333333333334,30.246964953345135,44.0,25,17,5803.82
306,7,Mazowieckie,miński,1412000,1194,67.19932998324958,29.05384822538154,76.0,98,20,6904.71
307,7,Mazowieckie,mławski,1413000,353,57.47308781869688,29.789535319381816,55.0,96,16,5748.29
308,7,Mazowieckie,nowodworski,1414000,436,66.20871559633028,30.40053743491978,78.0,98,18,6848.38
309,7,Mazowieckie,ostrowski,1416000,387,57.01808785529716,29.594104857868807,55.0,95,16,6117.3
310,7,Mazowieckie,ostrołęcki,1415000,506,54.75296442687747,29.813588187591385,51.0,96,14,6151.13
312,7,Mazowieckie,otwocki,1417000,775,71.23096774193549,27.698274239339714,84.0,100,19,7160.5
313,7,Mazowieckie,piaseczyński,1418000,1566,79.98595146871008,24.571808012413793,93.0,98,20,7781.44
314,7,Mazowieckie,pruszkowski,1421000,930,77.3505376344086,26.01673829967853,91.0,100,21,7733.08
315,7,Mazowieckie,przasnyski,1422000,268,57.65298507462686,30.880772625616114,56.0,98,16,5962.84
316,7,Mazowieckie,przysuski,1423000,124,58.645161290322584,28.8749231386736,56.0,93,18,5791.92
317,7,Mazowieckie,pułtuski,1424000,231,56.04329004329004,29.285545028514896,55.0,98,17,5981.59
319,7,Mazowieckie,płocki,1419000,484,58.76239669421488,30.788054314469655,58.0,98,15,6507.37
320,7,Mazowieckie,płoński,1420000,513,57.53216374269006,29.662550450304387,58.0,98,16,6135.07
322,7,Mazowieckie,radomski,1425000,965,61.31502590673575,28.327292029136714,64.0,98,16,5878.24
324,7,Mazowieckie,siedlecki,1426000,518,57.16216216216216,29.27708060252777,55.0,98,16,6060.8
325,7,Mazowieckie,sierpecki,1427000,236,53.144067796610166,30.63184214089248,44.5,20,17,6231.94
326,7,Mazowieckie,sochaczewski,1428000,395,65.24303797468355,29.810993994206385,75.0,98,18,6594.92
327,7,Mazowieckie,sokołowski,1429000,307,65.84690553745928,29.36925449031366,75.0,98,16,5936.68
328,7,Mazowieckie,szydłowiecki,1430000,239,57.97907949790795,29.99406464280937,58.0,98,14,5842.92
330,7,Mazowieckie,warszawski zachodni,1432000,845,78.12426035502959,26.462968491384363,91.0,100,21,7788.2
331,7,Mazowieckie,wołomiński,1434000,1887,71.17541070482247,28.178296540005842,84.0,98,21,7244.5
332,7,Mazowieckie,wyszkowski,1435000,430,60.98837209302326,28.98961088408025,62.0,98,16,6087.43
333,7,Mazowieckie,węgrowski,1433000,416,58.83894230769231,30.31383161764321,59.0,98,16,6081.08
334,7,Mazowieckie,zwoleński,1436000,207,53.405797101449274,28.99574456896374,49.0,35,16,5756.11
335,7,Mazowieckie,łosicki,1410000,133,51.849624060150376,29.704939018861964,44.0,25,14,5692.24
336,7,Mazowieckie,żuromiński,1437000,168,55.07142857142857,30.442094021853595,49.0,100,13,5520.54
337,7,Mazowieckie,żyrardowski,1438000,413,60.958837772397096,30.457778510139466,60.0,98,19,6780.58
338,8,Dolnośląskie,bolesławiecki,201000,380,61.689473684210526,30.394829801635023,67.0,98,19,6402.54
339,8,Dolnośląskie,dzierżoniowski,202000,359,60.54874651810585,30.05023171300656,64.0,98,19,6022.76
340,8,Dolnośląskie,górowski,204000,157,51.745222929936304,29.482134168702668,44.0,24,17,6129.92
341,8,Dolnośląskie,głogowski,203000,355,65.52394366197183,30.580512365887625,76.0,96,19,7833.48
342,8,Dolnośląskie,jaworski,205000,187,55.93048128342246,29.903775829471353,49.0,95,18,6328.37
344,8,Dolnośląskie,kamiennogórski,207000,149,57.241610738255034,29.22595403664064,56.0,98,17,5954.69
345,8,Dolnośląskie,karkonoski,206000,257,58.75486381322957,30.311326004076797,58.0,24,17,6133.59
346,8,Dolnośląskie,kłodzki,208000,623,57.61958266452648,30.27993633229949,56.0,95,17,6063.29
348,8,Dolnośląskie,legnicki,209000,250,61.54,30.734872701867484,69.0,93,18,6717.56
349,8,Dolnośląskie,lubański,210000,199,58.35678391959799,29.727376714742988,62.0,95,18,6175.79
350,8,Dolnośląskie,lubiński,211000,466,65.05364806866953,29.877850710625843,75.0,98,21,8013.16
351,8,Dolnośląskie,lwówecki,212000,120,52.38333333333333,31.591186358786143,44.0,96,14,5916.04
352,8,Dolnośląskie,milicki,213000,185,56.42162162162162,31.255971409023495,49.0,18,17,6005.97
353,8,Dolnośląskie,oleśnicki,214000,558,64.09677419354838,29.03572062187279,71.0,98,20,6462.91
354,8,Dolnośląskie,oławski,215000,522,65.17241379310344,29.321264587477312,73.0,98,20,6825.94
355,8,Dolnośląskie,polkowicki,216000,260,56.91153846153846,31.841975524854668,53.0,96,19,7912.75
356,8,Dolnośląskie,strzeliński,217000,164,65.28658536585365,29.737215995609635,75.5,95,18,6494.59
357,8,Dolnośląskie,trzebnicki,220000,479,64.17327766179541,30.66570435688209,75.0,96,19,6634.04
359,8,Dolnośląskie,wałbrzyski,221000,238,59.273109243697476,30.85403749638614,58.0,95,19,6361.35
360,8,Dolnośląskie,wołowski,222000,255,55.54117647058823,32.22867543329301,53.0,96,18,6827.48
362,8,Dolnośląskie,wrocławski,223000,1091,75.21081576535289,26.64155098068149,89.0,98,20,7797.83
363,8,Dolnośląskie,zgorzelecki,225000,303,60.14521452145215,31.192557003437955,65.0,98,18,7059.98
364,8,Dolnośląskie,ząbkowicki,224000,223,54.75336322869955,29.295420828412848,47.0,29,17,6139.06
365,8,Dolnośląskie,złotoryjski,226000,238,58.86134453781513,31.199710754002112,64.0,98,18,6353.56
366,8,Dolnośląskie,średzki,218000,304,62.8453947368421,30.11992114604855,73.0,96,21,6981.15
367,8,Dolnośląskie,świdnicki,219000,743,63.283983849259755,30.360974973745506,71.0,98,20,6412.8
368,8,Opolskie,brzeski,1601000,293,62.484641638225256,29.66842824330082,67.0,98,19,6474.92
369,8,Opolskie,głubczycki,1602000,148,55.601351351351354,30.95893964785932,50.0,100,15,6920.77
370,8,Opolskie,kluczborski,1604000,180,56.34444444444444,29.17920153926657,55.0,96,17,6015.75
371,8,Opolskie,krapkowicki,1605000,151,62.11258278145695,28.563521182372853,67.0,96,17,6682.56
372,8,Opolskie,kędzierzyńsko-kozielski,1603000,215,61.95348837209303,28.492964034286903,65.0,98,17,6666.09
373,8,Opolskie,namysłowski,1606000,171,52.91228070175438,30.903517486590644,47.0,18,17,6404.31
374,8,Opolskie,nyski,1607000,394,63.97208121827411,30.030301655093997,74.0,95,15,6095.73
375,8,Opolskie,oleski,1608000,137,58.02919708029197,29.813273290915625,56.0,24,16,5835.69
377,8,Opolskie,opolski,1609000,383,66.74934725848564,28.23197164229815,75.0,98,16,6390.95
378,8,Opolskie,prudnicki,1610000,166,64.60843373493977,28.736604861963023,71.0,100,15,6051.57
379,8,Opolskie,strzelecki,1611000,145,52.758620689655174,29.527141427102684,45.0,18,18,6348.69
